-- MySQL dump 10.13  Distrib 5.7.33, for Linux (x86_64)
--
-- Host: localhost    Database: phpbb_db
-- ------------------------------------------------------
-- Server version	5.7.33

/*!40101 SET @OLD_CHARACTER_SET_CLIENT=@@CHARACTER_SET_CLIENT */;
/*!40101 SET @OLD_CHARACTER_SET_RESULTS=@@CHARACTER_SET_RESULTS */;
/*!40101 SET @OLD_COLLATION_CONNECTION=@@COLLATION_CONNECTION */;
/*!40101 SET NAMES utf8 */;
/*!40103 SET @OLD_TIME_ZONE=@@TIME_ZONE */;
/*!40103 SET TIME_ZONE='+00:00' */;
/*!40014 SET @OLD_UNIQUE_CHECKS=@@UNIQUE_CHECKS, UNIQUE_CHECKS=0 */;
/*!40014 SET @OLD_FOREIGN_KEY_CHECKS=@@FOREIGN_KEY_CHECKS, FOREIGN_KEY_CHECKS=0 */;
/*!40101 SET @OLD_SQL_MODE=@@SQL_MODE, SQL_MODE='NO_AUTO_VALUE_ON_ZERO' */;
/*!40111 SET @OLD_SQL_NOTES=@@SQL_NOTES, SQL_NOTES=0 */;

CREATE DATABASE IF NOT EXISTS `phpbb_db` DEFAULT CHARACTER SET utf8mb4 COLLATE utf8mb4_unicode_ci;
USE `phpbb_db`;

--
-- Table structure for table `phpbb_auth_access`
--

DROP TABLE IF EXISTS `phpbb_auth_access`;
/*!40101 SET @saved_cs_client     = @@character_set_client */;
/*!40101 SET character_set_client = utf8 */;
CREATE TABLE `phpbb_auth_access` (
  `group_id` mediumint(8) NOT NULL DEFAULT '0',
  `forum_id` smallint(5) unsigned NOT NULL DEFAULT '0',
  `auth_view` tinyint(1) NOT NULL DEFAULT '0',
  `auth_read` tinyint(1) NOT NULL DEFAULT '0',
  `auth_post` tinyint(1) NOT NULL DEFAULT '0',
  `auth_reply` tinyint(1) NOT NULL DEFAULT '0',
  `auth_edit` tinyint(1) NOT NULL DEFAULT '0',
  `auth_delete` tinyint(1) NOT NULL DEFAULT '0',
  `auth_sticky` tinyint(1) NOT NULL DEFAULT '0',
  `auth_announce` tinyint(1) NOT NULL DEFAULT '0',
  `auth_vote` tinyint(1) NOT NULL DEFAULT '0',
  `auth_pollcreate` tinyint(1) NOT NULL DEFAULT '0',
  `auth_attachments` tinyint(1) NOT NULL DEFAULT '0',
  `auth_mod` tinyint(1) NOT NULL DEFAULT '0',
  KEY `group_id` (`group_id`),
  KEY `forum_id` (`forum_id`)
) ENGINE=InnoDB DEFAULT CHARSET=utf8mb4 COLLATE=utf8mb4_unicode_ci;
/*!40101 SET character_set_client = @saved_cs_client */;

--
-- Dumping data for table `phpbb_auth_access`
--

LOCK TABLES `phpbb_auth_access` WRITE;
/*!40000 ALTER TABLE `phpbb_auth_access` DISABLE KEYS */;
/*!40000 ALTER TABLE `phpbb_auth_access` ENABLE KEYS */;
UNLOCK TABLES;

--
-- Table structure for table `phpbb_banlist`
--

DROP TABLE IF EXISTS `phpbb_banlist`;
/*!40101 SET @saved_cs_client     = @@character_set_client */;
/*!40101 SET character_set_client = utf8 */;
CREATE TABLE `phpbb_banlist` (
  `ban_id` mediumint(8) unsigned NOT NULL AUTO_INCREMENT,
  `ban_userid` mediumint(8) NOT NULL,
  `ban_ip` char(8) COLLATE utf8mb4_unicode_ci NOT NULL,
  `ban_email` varchar(255) COLLATE utf8mb4_unicode_ci DEFAULT NULL,
  PRIMARY KEY (`ban_id`),
  KEY `ban_ip_user_id` (`ban_ip`,`ban_userid`)
) ENGINE=InnoDB DEFAULT CHARSET=utf8mb4 COLLATE=utf8mb4_unicode_ci;
/*!40101 SET character_set_client = @saved_cs_client */;

--
-- Dumping data for table `phpbb_banlist`
--

LOCK TABLES `phpbb_banlist` WRITE;
/*!40000 ALTER TABLE `phpbb_banlist` DISABLE KEYS */;
/*!40000 ALTER TABLE `phpbb_banlist` ENABLE KEYS */;
UNLOCK TABLES;

--
-- Table structure for table `phpbb_categories`
--

DROP TABLE IF EXISTS `phpbb_categories`;
/*!40101 SET @saved_cs_client     = @@character_set_client */;
/*!40101 SET character_set_client = utf8 */;
CREATE TABLE `phpbb_categories` (
  `cat_id` mediumint(8) unsigned NOT NULL AUTO_INCREMENT,
  `cat_title` varchar(100) COLLATE utf8mb4_unicode_ci DEFAULT NULL,
  `cat_order` mediumint(8) unsigned NOT NULL,
  PRIMARY KEY (`cat_id`),
  KEY `cat_order` (`cat_order`)
) ENGINE=InnoDB AUTO_INCREMENT=2 DEFAULT CHARSET=utf8mb4 COLLATE=utf8mb4_unicode_ci;
/*!40101 SET character_set_client = @saved_cs_client */;

--
-- Dumping data for table `phpbb_categories`
--

LOCK TABLES `phpbb_categories` WRITE;
/*!40000 ALTER TABLE `phpbb_categories` DISABLE KEYS */;
INSERT INTO `phpbb_categories` VALUES (1,'Test category 1',10);
/*!40000 ALTER TABLE `phpbb_categories` ENABLE KEYS */;
UNLOCK TABLES;

--
-- Table structure for table `phpbb_config`
--

DROP TABLE IF EXISTS `phpbb_config`;
/*!40101 SET @saved_cs_client     = @@character_set_client */;
/*!40101 SET character_set_client = utf8 */;
CREATE TABLE `phpbb_config` (
  `config_name` varchar(255) COLLATE utf8mb4_unicode_ci NOT NULL,
  `config_value` varchar(255) COLLATE utf8mb4_unicode_ci NOT NULL,
  PRIMARY KEY (`config_name`)
) ENGINE=InnoDB DEFAULT CHARSET=utf8mb4 COLLATE=utf8mb4_unicode_ci;
/*!40101 SET character_set_client = @saved_cs_client */;

--
-- Dumping data for table `phpbb_config`
--

LOCK TABLES `phpbb_config` WRITE;
/*!40000 ALTER TABLE `phpbb_config` DISABLE KEYS */;
INSERT INTO `phpbb_config` VALUES ('allow_autologin','1'),('allow_avatar_local','0'),('allow_avatar_remote','0'),('allow_avatar_upload','0'),('allow_bbcode','1'),('allow_html','0'),('allow_html_tags','b,i,u,pre'),('allow_namechange','0'),('allow_sig','1'),('allow_smilies','1'),('allow_theme_create','0'),('avatar_filesize','6144'),('avatar_gallery_path','images/avatars/gallery'),('avatar_max_height','80'),('avatar_max_width','80'),('avatar_path','images/avatars'),('board_disable','0'),('board_email','admin@example.com'),('board_email_form','0'),('board_email_sig','Thanks, The Management'),('board_startdate','1617558329'),('board_timezone','0'),('config_id','1'),('cookie_domain',''),('cookie_name','phpbb2mysql'),('cookie_path','/'),('cookie_secure','0'),('coppa_fax',''),('coppa_mail',''),('default_dateformat','D M d, Y g:i a'),('default_lang','english'),('default_style','1'),('enable_confirm','1'),('flood_interval','15'),('gzip_compress','0'),('hot_threshold','25'),('login_reset_time','30'),('max_autologin_time','0'),('max_inbox_privmsgs','50'),('max_login_attempts','5'),('max_poll_options','10'),('max_savebox_privmsgs','50'),('max_sentbox_privmsgs','25'),('max_sig_chars','255'),('override_user_style','0'),('posts_per_page','15'),('privmsg_disable','0'),('prune_enable','1'),('rand_seed','552e0f8c2c4bcc450f8837bd69e4b355'),('record_online_date','1617558437'),('record_online_users','1'),('require_activation','0'),('script_path','/phpbb-2.0.23/'),('search_flood_interval','15'),('search_min_chars','3'),('sendmail_fix','0'),('server_name','phpbbed.com'),('server_port','8092'),('session_length','3600'),('site_desc','A _little_ text to describe your forum'),('sitename','yourdomain.com'),('smilies_path','images/smiles'),('smtp_delivery','0'),('smtp_host',''),('smtp_password',''),('smtp_username',''),('topics_per_page','50'),('version','.0.23');
/*!40000 ALTER TABLE `phpbb_config` ENABLE KEYS */;
UNLOCK TABLES;

--
-- Table structure for table `phpbb_confirm`
--

DROP TABLE IF EXISTS `phpbb_confirm`;
/*!40101 SET @saved_cs_client     = @@character_set_client */;
/*!40101 SET character_set_client = utf8 */;
CREATE TABLE `phpbb_confirm` (
  `confirm_id` char(32) COLLATE utf8mb4_unicode_ci NOT NULL DEFAULT '',
  `session_id` char(32) COLLATE utf8mb4_unicode_ci NOT NULL DEFAULT '',
  `code` char(6) COLLATE utf8mb4_unicode_ci NOT NULL DEFAULT '',
  PRIMARY KEY (`session_id`,`confirm_id`)
) ENGINE=InnoDB DEFAULT CHARSET=utf8mb4 COLLATE=utf8mb4_unicode_ci;
/*!40101 SET character_set_client = @saved_cs_client */;

--
-- Dumping data for table `phpbb_confirm`
--

LOCK TABLES `phpbb_confirm` WRITE;
/*!40000 ALTER TABLE `phpbb_confirm` DISABLE KEYS */;
/*!40000 ALTER TABLE `phpbb_confirm` ENABLE KEYS */;
UNLOCK TABLES;

--
-- Table structure for table `phpbb_disallow`
--

DROP TABLE IF EXISTS `phpbb_disallow`;
/*!40101 SET @saved_cs_client     = @@character_set_client */;
/*!40101 SET character_set_client = utf8 */;
CREATE TABLE `phpbb_disallow` (
  `disallow_id` mediumint(8) unsigned NOT NULL AUTO_INCREMENT,
  `disallow_username` varchar(25) COLLATE utf8mb4_unicode_ci NOT NULL DEFAULT '',
  PRIMARY KEY (`disallow_id`)
) ENGINE=InnoDB DEFAULT CHARSET=utf8mb4 COLLATE=utf8mb4_unicode_ci;
/*!40101 SET character_set_client = @saved_cs_client */;

--
-- Dumping data for table `phpbb_disallow`
--

LOCK TABLES `phpbb_disallow` WRITE;
/*!40000 ALTER TABLE `phpbb_disallow` DISABLE KEYS */;
/*!40000 ALTER TABLE `phpbb_disallow` ENABLE KEYS */;
UNLOCK TABLES;

--
-- Table structure for table `phpbb_forum_prune`
--

DROP TABLE IF EXISTS `phpbb_forum_prune`;
/*!40101 SET @saved_cs_client     = @@character_set_client */;
/*!40101 SET character_set_client = utf8 */;
CREATE TABLE `phpbb_forum_prune` (
  `prune_id` mediumint(8) unsigned NOT NULL AUTO_INCREMENT,
  `forum_id` smallint(5) unsigned NOT NULL,
  `prune_days` smallint(5) unsigned NOT NULL,
  `prune_freq` smallint(5) unsigned NOT NULL,
  PRIMARY KEY (`prune_id`),
  KEY `forum_id` (`forum_id`)
) ENGINE=InnoDB DEFAULT CHARSET=utf8mb4 COLLATE=utf8mb4_unicode_ci;
/*!40101 SET character_set_client = @saved_cs_client */;

--
-- Dumping data for table `phpbb_forum_prune`
--

LOCK TABLES `phpbb_forum_prune` WRITE;
/*!40000 ALTER TABLE `phpbb_forum_prune` DISABLE KEYS */;
/*!40000 ALTER TABLE `phpbb_forum_prune` ENABLE KEYS */;
UNLOCK TABLES;

--
-- Table structure for table `phpbb_forums`
--

DROP TABLE IF EXISTS `phpbb_forums`;
/*!40101 SET @saved_cs_client     = @@character_set_client */;
/*!40101 SET character_set_client = utf8 */;
CREATE TABLE `phpbb_forums` (
  `forum_id` smallint(5) unsigned NOT NULL,
  `cat_id` mediumint(8) unsigned NOT NULL,
  `forum_name` varchar(150) COLLATE utf8mb4_unicode_ci DEFAULT NULL,
  `forum_desc` text COLLATE utf8mb4_unicode_ci,
  `forum_status` tinyint(4) NOT NULL DEFAULT '0',
  `forum_order` mediumint(8) unsigned NOT NULL DEFAULT '1',
  `forum_posts` mediumint(8) unsigned NOT NULL DEFAULT '0',
  `forum_topics` mediumint(8) unsigned NOT NULL DEFAULT '0',
  `forum_last_post_id` mediumint(8) unsigned NOT NULL DEFAULT '0',
  `prune_next` int(11) DEFAULT NULL,
  `prune_enable` tinyint(1) NOT NULL DEFAULT '0',
  `auth_view` tinyint(2) NOT NULL DEFAULT '0',
  `auth_read` tinyint(2) NOT NULL DEFAULT '0',
  `auth_post` tinyint(2) NOT NULL DEFAULT '0',
  `auth_reply` tinyint(2) NOT NULL DEFAULT '0',
  `auth_edit` tinyint(2) NOT NULL DEFAULT '0',
  `auth_delete` tinyint(2) NOT NULL DEFAULT '0',
  `auth_sticky` tinyint(2) NOT NULL DEFAULT '0',
  `auth_announce` tinyint(2) NOT NULL DEFAULT '0',
  `auth_vote` tinyint(2) NOT NULL DEFAULT '0',
  `auth_pollcreate` tinyint(2) NOT NULL DEFAULT '0',
  `auth_attachments` tinyint(2) NOT NULL DEFAULT '0',
  PRIMARY KEY (`forum_id`),
  KEY `forums_order` (`forum_order`),
  KEY `cat_id` (`cat_id`),
  KEY `forum_last_post_id` (`forum_last_post_id`)
) ENGINE=InnoDB DEFAULT CHARSET=utf8mb4 COLLATE=utf8mb4_unicode_ci;
/*!40101 SET character_set_client = @saved_cs_client */;

--
-- Dumping data for table `phpbb_forums`
--

LOCK TABLES `phpbb_forums` WRITE;
/*!40000 ALTER TABLE `phpbb_forums` DISABLE KEYS */;
INSERT INTO `phpbb_forums` VALUES (1,1,'Test Forum 1','This is just a test forum.',0,10,3,2,3,NULL,0,0,0,1,1,1,1,3,3,1,1,3);
/*!40000 ALTER TABLE `phpbb_forums` ENABLE KEYS */;
UNLOCK TABLES;

--
-- Table structure for table `phpbb_groups`
--

DROP TABLE IF EXISTS `phpbb_groups`;
/*!40101 SET @saved_cs_client     = @@character_set_client */;
/*!40101 SET character_set_client = utf8 */;
CREATE TABLE `phpbb_groups` (
  `group_id` mediumint(8) NOT NULL AUTO_INCREMENT,
  `group_type` tinyint(4) NOT NULL DEFAULT '1',
  `group_name` varchar(40) COLLATE utf8mb4_unicode_ci NOT NULL,
  `group_description` varchar(255) COLLATE utf8mb4_unicode_ci NOT NULL,
  `group_moderator` mediumint(8) NOT NULL DEFAULT '0',
  `group_single_user` tinyint(1) NOT NULL DEFAULT '1',
  PRIMARY KEY (`group_id`),
  KEY `group_single_user` (`group_single_user`)
) ENGINE=InnoDB AUTO_INCREMENT=3 DEFAULT CHARSET=utf8mb4 COLLATE=utf8mb4_unicode_ci;
/*!40101 SET character_set_client = @saved_cs_client */;

--
-- Dumping data for table `phpbb_groups`
--

LOCK TABLES `phpbb_groups` WRITE;
/*!40000 ALTER TABLE `phpbb_groups` DISABLE KEYS */;
INSERT INTO `phpbb_groups` VALUES (1,1,'Anonymous','Personal User',0,1),(2,1,'Admin','Personal User',0,1);
/*!40000 ALTER TABLE `phpbb_groups` ENABLE KEYS */;
UNLOCK TABLES;

--
-- Table structure for table `phpbb_posts`
--

DROP TABLE IF EXISTS `phpbb_posts`;
/*!40101 SET @saved_cs_client     = @@character_set_client */;
/*!40101 SET character_set_client = utf8 */;
CREATE TABLE `phpbb_posts` (
  `post_id` mediumint(8) unsigned NOT NULL AUTO_INCREMENT,
  `topic_id` mediumint(8) unsigned NOT NULL DEFAULT '0',
  `forum_id` smallint(5) unsigned NOT NULL DEFAULT '0',
  `poster_id` mediumint(8) NOT NULL DEFAULT '0',
  `post_time` int(11) NOT NULL DEFAULT '0',
  `poster_ip` char(8) COLLATE utf8mb4_unicode_ci NOT NULL,
  `post_username` varchar(25) COLLATE utf8mb4_unicode_ci DEFAULT NULL,
  `enable_bbcode` tinyint(1) NOT NULL DEFAULT '1',
  `enable_html` tinyint(1) NOT NULL DEFAULT '0',
  `enable_smilies` tinyint(1) NOT NULL DEFAULT '1',
  `enable_sig` tinyint(1) NOT NULL DEFAULT '1',
  `post_edit_time` int(11) DEFAULT NULL,
  `post_edit_count` smallint(5) unsigned NOT NULL DEFAULT '0',
  PRIMARY KEY (`post_id`),
  KEY `forum_id` (`forum_id`),
  KEY `topic_id` (`topic_id`),
  KEY `poster_id` (`poster_id`),
  KEY `post_time` (`post_time`)
) ENGINE=InnoDB AUTO_INCREMENT=4 DEFAULT CHARSET=utf8mb4 COLLATE=utf8mb4_unicode_ci;
/*!40101 SET character_set_client = @saved_cs_client */;

--
-- Dumping data for table `phpbb_posts`
--

LOCK TABLES `phpbb_posts` WRITE;
/*!40000 ALTER TABLE `phpbb_posts` DISABLE KEYS */;
INSERT INTO `phpbb_posts` VALUES (1,1,1,2,972086460,'7F000001',NULL,1,0,1,1,NULL,0),(2,2,1,2,1617558557,'ac130001','',1,0,1,0,NULL,0),(3,2,1,2,1617558573,'ac130001','',1,0,1,0,NULL,0);
/*!40000 ALTER TABLE `phpbb_posts` ENABLE KEYS */;
UNLOCK TABLES;

--
-- Table structure for table `phpbb_posts_text`
--

DROP TABLE IF EXISTS `phpbb_posts_text`;
/*!40101 SET @saved_cs_client     = @@character_set_client */;
/*!40101 SET character_set_client = utf8 */;
CREATE TABLE `phpbb_posts_text` (
  `post_id` mediumint(8) unsigned NOT NULL DEFAULT '0',
  `bbcode_uid` char(10) COLLATE utf8mb4_unicode_ci NOT NULL DEFAULT '',
  `post_subject` char(60) COLLATE utf8mb4_unicode_ci DEFAULT NULL,
  `post_text` text COLLATE utf8mb4_unicode_ci,
  PRIMARY KEY (`post_id`)
) ENGINE=InnoDB DEFAULT CHARSET=utf8mb4 COLLATE=utf8mb4_unicode_ci;
/*!40101 SET character_set_client = @saved_cs_client */;

--
-- Dumping data for table `phpbb_posts_text`
--

LOCK TABLES `phpbb_posts_text` WRITE;
/*!40000 ALTER TABLE `phpbb_posts_text` DISABLE KEYS */;
INSERT INTO `phpbb_posts_text` VALUES (1,'',NULL,'This is an example post in your phpBB 2 installation. You may delete this post, this topic and even this forum if you like since everything seems to be working!'),(2,'169447d2be','My test topic','This is the first test topic!'),(3,'e7488ef618','My reply','Replied to you sir');
/*!40000 ALTER TABLE `phpbb_posts_text` ENABLE KEYS */;
UNLOCK TABLES;

--
-- Table structure for table `phpbb_privmsgs`
--

DROP TABLE IF EXISTS `phpbb_privmsgs`;
/*!40101 SET @saved_cs_client     = @@character_set_client */;
/*!40101 SET character_set_client = utf8 */;
CREATE TABLE `phpbb_privmsgs` (
  `privmsgs_id` mediumint(8) unsigned NOT NULL AUTO_INCREMENT,
  `privmsgs_type` tinyint(4) NOT NULL DEFAULT '0',
  `privmsgs_subject` varchar(255) COLLATE utf8mb4_unicode_ci NOT NULL DEFAULT '0',
  `privmsgs_from_userid` mediumint(8) NOT NULL DEFAULT '0',
  `privmsgs_to_userid` mediumint(8) NOT NULL DEFAULT '0',
  `privmsgs_date` int(11) NOT NULL DEFAULT '0',
  `privmsgs_ip` char(8) COLLATE utf8mb4_unicode_ci NOT NULL,
  `privmsgs_enable_bbcode` tinyint(1) NOT NULL DEFAULT '1',
  `privmsgs_enable_html` tinyint(1) NOT NULL DEFAULT '0',
  `privmsgs_enable_smilies` tinyint(1) NOT NULL DEFAULT '1',
  `privmsgs_attach_sig` tinyint(1) NOT NULL DEFAULT '1',
  PRIMARY KEY (`privmsgs_id`),
  KEY `privmsgs_from_userid` (`privmsgs_from_userid`),
  KEY `privmsgs_to_userid` (`privmsgs_to_userid`)
) ENGINE=InnoDB DEFAULT CHARSET=utf8mb4 COLLATE=utf8mb4_unicode_ci;
/*!40101 SET character_set_client = @saved_cs_client */;

--
-- Dumping data for table `phpbb_privmsgs`
--

LOCK TABLES `phpbb_privmsgs` WRITE;
/*!40000 ALTER TABLE `phpbb_privmsgs` DISABLE KEYS */;
/*!40000 ALTER TABLE `phpbb_privmsgs` ENABLE KEYS */;
UNLOCK TABLES;

--
-- Table structure for table `phpbb_privmsgs_text`
--

DROP TABLE IF EXISTS `phpbb_privmsgs_text`;
/*!40101 SET @saved_cs_client     = @@character_set_client */;
/*!40101 SET character_set_client = utf8 */;
CREATE TABLE `phpbb_privmsgs_text` (
  `privmsgs_text_id` mediumint(8) unsigned NOT NULL DEFAULT '0',
  `privmsgs_bbcode_uid` char(10) COLLATE utf8mb4_unicode_ci NOT NULL DEFAULT '0',
  `privmsgs_text` text COLLATE utf8mb4_unicode_ci,
  PRIMARY KEY (`privmsgs_text_id`)
) ENGINE=InnoDB DEFAULT CHARSET=utf8mb4 COLLATE=utf8mb4_unicode_ci;
/*!40101 SET character_set_client = @saved_cs_client */;

--
-- Dumping data for table `phpbb_privmsgs_text`
--

LOCK TABLES `phpbb_privmsgs_text` WRITE;
/*!40000 ALTER TABLE `phpbb_privmsgs_text` DISABLE KEYS */;
/*!40000 ALTER TABLE `phpbb_privmsgs_text` ENABLE KEYS */;
UNLOCK TABLES;

--
-- Table structure for table `phpbb_ranks`
--

DROP TABLE IF EXISTS `phpbb_ranks`;
/*!40101 SET @saved_cs_client     = @@character_set_client */;
/*!40101 SET character_set_client = utf8 */;
CREATE TABLE `phpbb_ranks` (
  `rank_id` smallint(5) unsigned NOT NULL AUTO_INCREMENT,
  `rank_title` varchar(50) COLLATE utf8mb4_unicode_ci NOT NULL,
  `rank_min` mediumint(8) NOT NULL DEFAULT '0',
  `rank_special` tinyint(1) DEFAULT '0',
  `rank_image` varchar(255) COLLATE utf8mb4_unicode_ci DEFAULT NULL,
  PRIMARY KEY (`rank_id`)
) ENGINE=InnoDB AUTO_INCREMENT=2 DEFAULT CHARSET=utf8mb4 COLLATE=utf8mb4_unicode_ci;
/*!40101 SET character_set_client = @saved_cs_client */;

--
-- Dumping data for table `phpbb_ranks`
--

LOCK TABLES `phpbb_ranks` WRITE;
/*!40000 ALTER TABLE `phpbb_ranks` DISABLE KEYS */;
INSERT INTO `phpbb_ranks` VALUES (1,'Site Admin',-1,1,NULL);
/*!40000 ALTER TABLE `phpbb_ranks` ENABLE KEYS */;
UNLOCK TABLES;

--
-- Table structure for table `phpbb_search_results`
--

DROP TABLE IF EXISTS `phpbb_search_results`;
/*!40101 SET @saved_cs_client     = @@character_set_client */;
/*!40101 SET character_set_client = utf8 */;
CREATE TABLE `phpbb_search_results` (
  `search_id` int(11) unsigned NOT NULL DEFAULT '0',
  `session_id` char(32) COLLATE utf8mb4_unicode_ci NOT NULL DEFAULT '',
  `search_time` int(11) NOT NULL DEFAULT '0',
  `search_array` mediumtext COLLATE utf8mb4_unicode_ci NOT NULL,
  PRIMARY KEY (`search_id`),
  KEY `session_id` (`session_id`)
) ENGINE=InnoDB DEFAULT CHARSET=utf8mb4 COLLATE=utf8mb4_unicode_ci;
/*!40101 SET character_set_client = @saved_cs_client */;

--
-- Dumping data for table `phpbb_search_results`
--

LOCK TABLES `phpbb_search_results` WRITE;
/*!40000 ALTER TABLE `phpbb_search_results` DISABLE KEYS */;
INSERT INTO `phpbb_search_results` VALUES (2042186838,'13b85c2d0ae2e3ae50e8caf84dfb5dd8',1617558500,'a:7:{s:14:\"search_results\";s:1:\"1\";s:17:\"total_match_count\";i:1;s:12:\"split_search\";N;s:7:\"sort_by\";i:0;s:8:\"sort_dir\";s:4:\"DESC\";s:12:\"show_results\";s:6:\"topics\";s:12:\"return_chars\";i:200;}');
/*!40000 ALTER TABLE `phpbb_search_results` ENABLE KEYS */;
UNLOCK TABLES;

--
-- Table structure for table `phpbb_search_wordlist`
--

DROP TABLE IF EXISTS `phpbb_search_wordlist`;
/*!40101 SET @saved_cs_client     = @@character_set_client */;
/*!40101 SET character_set_client = utf8 */;
CREATE TABLE `phpbb_search_wordlist` (
  `word_text` varchar(50) CHARACTER SET utf8mb4 COLLATE utf8mb4_bin NOT NULL DEFAULT '',
  `word_id` mediumint(8) unsigned NOT NULL AUTO_INCREMENT,
  `word_common` tinyint(1) unsigned NOT NULL DEFAULT '0',
  PRIMARY KEY (`word_text`),
  KEY `word_id` (`word_id`)
) ENGINE=InnoDB AUTO_INCREMENT=19 DEFAULT CHARSET=utf8mb4 COLLATE=utf8mb4_unicode_ci;
/*!40101 SET character_set_client = @saved_cs_client */;

--
-- Dumping data for table `phpbb_search_wordlist`
--

LOCK TABLES `phpbb_search_wordlist` WRITE;
/*!40000 ALTER TABLE `phpbb_search_wordlist` DISABLE KEYS */;
INSERT INTO `phpbb_search_wordlist` VALUES ('delete',5,0),('everything',9,0),('example',1,0),('first',13,0),('forum',7,0),('installation',4,0),('phpbb',3,0),('post',2,0),('replied',16,0),('reply',17,0),('seems',10,0),('since',8,0),('sir',18,0),('test',14,0),('topic',6,0),('welcome',12,0),('working',11,0);
/*!40000 ALTER TABLE `phpbb_search_wordlist` ENABLE KEYS */;
UNLOCK TABLES;

--
-- Table structure for table `phpbb_search_wordmatch`
--

DROP TABLE IF EXISTS `phpbb_search_wordmatch`;
/*!40101 SET @saved_cs_client     = @@character_set_client */;
/*!40101 SET character_set_client = utf8 */;
CREATE TABLE `phpbb_search_wordmatch` (
  `post_id` mediumint(8) unsigned NOT NULL DEFAULT '0',
  `word_id` mediumint(8) unsigned NOT NULL DEFAULT '0',
  `title_match` tinyint(1) NOT NULL DEFAULT '0',
  KEY `post_id` (`post_id`),
  KEY `word_id` (`word_id`)
) ENGINE=InnoDB DEFAULT CHARSET=utf8mb4 COLLATE=utf8mb4_unicode_ci;
/*!40101 SET character_set_client = @saved_cs_client */;

--
-- Dumping data for table `phpbb_search_wordmatch`
--

LOCK TABLES `phpbb_search_wordmatch` WRITE;
/*!40000 ALTER TABLE `phpbb_search_wordmatch` DISABLE KEYS */;
INSERT INTO `phpbb_search_wordmatch` VALUES (1,1,0),(1,2,0),(1,3,0),(1,4,0),(1,5,0),(1,6,0),(1,7,0),(1,8,0),(1,9,0),(1,10,0),(1,11,0),(1,12,1),(1,3,1),(2,13,0),(2,14,0),(2,6,0),(2,14,1),(2,6,1),(3,16,0),(3,18,0),(3,17,1);
/*!40000 ALTER TABLE `phpbb_search_wordmatch` ENABLE KEYS */;
UNLOCK TABLES;

--
-- Table structure for table `phpbb_sessions`
--

DROP TABLE IF EXISTS `phpbb_sessions`;
/*!40101 SET @saved_cs_client     = @@character_set_client */;
/*!40101 SET character_set_client = utf8 */;
CREATE TABLE `phpbb_sessions` (
  `session_id` char(32) COLLATE utf8mb4_unicode_ci NOT NULL DEFAULT '',
  `session_user_id` mediumint(8) NOT NULL DEFAULT '0',
  `session_start` int(11) NOT NULL DEFAULT '0',
  `session_time` int(11) NOT NULL DEFAULT '0',
  `session_ip` char(8) COLLATE utf8mb4_unicode_ci NOT NULL DEFAULT '0',
  `session_page` int(11) NOT NULL DEFAULT '0',
  `session_logged_in` tinyint(1) NOT NULL DEFAULT '0',
  `session_admin` tinyint(2) NOT NULL DEFAULT '0',
  PRIMARY KEY (`session_id`),
  KEY `session_user_id` (`session_user_id`),
  KEY `session_id_ip_user_id` (`session_id`,`session_ip`,`session_user_id`)
) ENGINE=InnoDB DEFAULT CHARSET=utf8mb4 COLLATE=utf8mb4_unicode_ci;
/*!40101 SET character_set_client = @saved_cs_client */;

--
-- Dumping data for table `phpbb_sessions`
--

LOCK TABLES `phpbb_sessions` WRITE;
/*!40000 ALTER TABLE `phpbb_sessions` DISABLE KEYS */;
INSERT INTO `phpbb_sessions` VALUES ('2aba8ecf023dfa21436ed533944e4fd8',-1,1617558578,1617558578,'ac130001',0,0,0);
/*!40000 ALTER TABLE `phpbb_sessions` ENABLE KEYS */;
UNLOCK TABLES;

--
-- Table structure for table `phpbb_sessions_keys`
--

DROP TABLE IF EXISTS `phpbb_sessions_keys`;
/*!40101 SET @saved_cs_client     = @@character_set_client */;
/*!40101 SET character_set_client = utf8 */;
CREATE TABLE `phpbb_sessions_keys` (
  `key_id` varchar(32) COLLATE utf8mb4_unicode_ci NOT NULL DEFAULT '0',
  `user_id` mediumint(8) NOT NULL DEFAULT '0',
  `last_ip` varchar(8) COLLATE utf8mb4_unicode_ci NOT NULL DEFAULT '0',
  `last_login` int(11) NOT NULL DEFAULT '0',
  PRIMARY KEY (`key_id`,`user_id`),
  KEY `last_login` (`last_login`)
) ENGINE=InnoDB DEFAULT CHARSET=utf8mb4 COLLATE=utf8mb4_unicode_ci;
/*!40101 SET character_set_client = @saved_cs_client */;

--
-- Dumping data for table `phpbb_sessions_keys`
--

LOCK TABLES `phpbb_sessions_keys` WRITE;
/*!40000 ALTER TABLE `phpbb_sessions_keys` DISABLE KEYS */;
/*!40000 ALTER TABLE `phpbb_sessions_keys` ENABLE KEYS */;
UNLOCK TABLES;

--
-- Table structure for table `phpbb_smilies`
--

DROP TABLE IF EXISTS `phpbb_smilies`;
/*!40101 SET @saved_cs_client     = @@character_set_client */;
/*!40101 SET character_set_client = utf8 */;
CREATE TABLE `phpbb_smilies` (
  `smilies_id` smallint(5) unsigned NOT NULL AUTO_INCREMENT,
  `code` varchar(50) COLLATE utf8mb4_unicode_ci DEFAULT NULL,
  `smile_url` varchar(100) COLLATE utf8mb4_unicode_ci DEFAULT NULL,
  `emoticon` varchar(75) COLLATE utf8mb4_unicode_ci DEFAULT NULL,
  PRIMARY KEY (`smilies_id`)
) ENGINE=InnoDB AUTO_INCREMENT=43 DEFAULT CHARSET=utf8mb4 COLLATE=utf8mb4_unicode_ci;
/*!40101 SET character_set_client = @saved_cs_client */;

--
-- Dumping data for table `phpbb_smilies`
--

LOCK TABLES `phpbb_smilies` WRITE;
/*!40000 ALTER TABLE `phpbb_smilies` DISABLE KEYS */;
INSERT INTO `phpbb_smilies` VALUES (1,':D','icon_biggrin.gif','Very Happy'),(2,':-D','icon_biggrin.gif','Very Happy'),(3,':grin:','icon_biggrin.gif','Very Happy'),(4,':)','icon_smile.gif','Smile'),(5,':-)','icon_smile.gif','Smile'),(6,':smile:','icon_smile.gif','Smile'),(7,':(','icon_sad.gif','Sad'),(8,':-(','icon_sad.gif','Sad'),(9,':sad:','icon_sad.gif','Sad'),(10,':o','icon_surprised.gif','Surprised'),(11,':-o','icon_surprised.gif','Surprised'),(12,':eek:','icon_surprised.gif','Surprised'),(13,':shock:','icon_eek.gif','Shocked'),(14,':?','icon_confused.gif','Confused'),(15,':-?','icon_confused.gif','Confused'),(16,':???:','icon_confused.gif','Confused'),(17,'8)','icon_cool.gif','Cool'),(18,'8-)','icon_cool.gif','Cool'),(19,':cool:','icon_cool.gif','Cool'),(20,':lol:','icon_lol.gif','Laughing'),(21,':x','icon_mad.gif','Mad'),(22,':-x','icon_mad.gif','Mad'),(23,':mad:','icon_mad.gif','Mad'),(24,':P','icon_razz.gif','Razz'),(25,':-P','icon_razz.gif','Razz'),(26,':razz:','icon_razz.gif','Razz'),(27,':oops:','icon_redface.gif','Embarassed'),(28,':cry:','icon_cry.gif','Crying or Very sad'),(29,':evil:','icon_evil.gif','Evil or Very Mad'),(30,':twisted:','icon_twisted.gif','Twisted Evil'),(31,':roll:','icon_rolleyes.gif','Rolling Eyes'),(32,':wink:','icon_wink.gif','Wink'),(33,';)','icon_wink.gif','Wink'),(34,';-)','icon_wink.gif','Wink'),(35,':!:','icon_exclaim.gif','Exclamation'),(36,':?:','icon_question.gif','Question'),(37,':idea:','icon_idea.gif','Idea'),(38,':arrow:','icon_arrow.gif','Arrow'),(39,':|','icon_neutral.gif','Neutral'),(40,':-|','icon_neutral.gif','Neutral'),(41,':neutral:','icon_neutral.gif','Neutral'),(42,':mrgreen:','icon_mrgreen.gif','Mr. Green');
/*!40000 ALTER TABLE `phpbb_smilies` ENABLE KEYS */;
UNLOCK TABLES;

--
-- Table structure for table `phpbb_themes`
--

DROP TABLE IF EXISTS `phpbb_themes`;
/*!40101 SET @saved_cs_client     = @@character_set_client */;
/*!40101 SET character_set_client = utf8 */;
CREATE TABLE `phpbb_themes` (
  `themes_id` mediumint(8) unsigned NOT NULL AUTO_INCREMENT,
  `template_name` varchar(30) COLLATE utf8mb4_unicode_ci NOT NULL DEFAULT '',
  `style_name` varchar(30) COLLATE utf8mb4_unicode_ci NOT NULL DEFAULT '',
  `head_stylesheet` varchar(100) COLLATE utf8mb4_unicode_ci DEFAULT NULL,
  `body_background` varchar(100) COLLATE utf8mb4_unicode_ci DEFAULT NULL,
  `body_bgcolor` varchar(6) COLLATE utf8mb4_unicode_ci DEFAULT NULL,
  `body_text` varchar(6) COLLATE utf8mb4_unicode_ci DEFAULT NULL,
  `body_link` varchar(6) COLLATE utf8mb4_unicode_ci DEFAULT NULL,
  `body_vlink` varchar(6) COLLATE utf8mb4_unicode_ci DEFAULT NULL,
  `body_alink` varchar(6) COLLATE utf8mb4_unicode_ci DEFAULT NULL,
  `body_hlink` varchar(6) COLLATE utf8mb4_unicode_ci DEFAULT NULL,
  `tr_color1` varchar(6) COLLATE utf8mb4_unicode_ci DEFAULT NULL,
  `tr_color2` varchar(6) COLLATE utf8mb4_unicode_ci DEFAULT NULL,
  `tr_color3` varchar(6) COLLATE utf8mb4_unicode_ci DEFAULT NULL,
  `tr_class1` varchar(25) COLLATE utf8mb4_unicode_ci DEFAULT NULL,
  `tr_class2` varchar(25) COLLATE utf8mb4_unicode_ci DEFAULT NULL,
  `tr_class3` varchar(25) COLLATE utf8mb4_unicode_ci DEFAULT NULL,
  `th_color1` varchar(6) COLLATE utf8mb4_unicode_ci DEFAULT NULL,
  `th_color2` varchar(6) COLLATE utf8mb4_unicode_ci DEFAULT NULL,
  `th_color3` varchar(6) COLLATE utf8mb4_unicode_ci DEFAULT NULL,
  `th_class1` varchar(25) COLLATE utf8mb4_unicode_ci DEFAULT NULL,
  `th_class2` varchar(25) COLLATE utf8mb4_unicode_ci DEFAULT NULL,
  `th_class3` varchar(25) COLLATE utf8mb4_unicode_ci DEFAULT NULL,
  `td_color1` varchar(6) COLLATE utf8mb4_unicode_ci DEFAULT NULL,
  `td_color2` varchar(6) COLLATE utf8mb4_unicode_ci DEFAULT NULL,
  `td_color3` varchar(6) COLLATE utf8mb4_unicode_ci DEFAULT NULL,
  `td_class1` varchar(25) COLLATE utf8mb4_unicode_ci DEFAULT NULL,
  `td_class2` varchar(25) COLLATE utf8mb4_unicode_ci DEFAULT NULL,
  `td_class3` varchar(25) COLLATE utf8mb4_unicode_ci DEFAULT NULL,
  `fontface1` varchar(50) COLLATE utf8mb4_unicode_ci DEFAULT NULL,
  `fontface2` varchar(50) COLLATE utf8mb4_unicode_ci DEFAULT NULL,
  `fontface3` varchar(50) COLLATE utf8mb4_unicode_ci DEFAULT NULL,
  `fontsize1` tinyint(4) DEFAULT NULL,
  `fontsize2` tinyint(4) DEFAULT NULL,
  `fontsize3` tinyint(4) DEFAULT NULL,
  `fontcolor1` varchar(6) COLLATE utf8mb4_unicode_ci DEFAULT NULL,
  `fontcolor2` varchar(6) COLLATE utf8mb4_unicode_ci DEFAULT NULL,
  `fontcolor3` varchar(6) COLLATE utf8mb4_unicode_ci DEFAULT NULL,
  `span_class1` varchar(25) COLLATE utf8mb4_unicode_ci DEFAULT NULL,
  `span_class2` varchar(25) COLLATE utf8mb4_unicode_ci DEFAULT NULL,
  `span_class3` varchar(25) COLLATE utf8mb4_unicode_ci DEFAULT NULL,
  `img_size_poll` smallint(5) unsigned DEFAULT NULL,
  `img_size_privmsg` smallint(5) unsigned DEFAULT NULL,
  PRIMARY KEY (`themes_id`)
) ENGINE=InnoDB AUTO_INCREMENT=2 DEFAULT CHARSET=utf8mb4 COLLATE=utf8mb4_unicode_ci;
/*!40101 SET character_set_client = @saved_cs_client */;

--
-- Dumping data for table `phpbb_themes`
--

LOCK TABLES `phpbb_themes` WRITE;
/*!40000 ALTER TABLE `phpbb_themes` DISABLE KEYS */;
INSERT INTO `phpbb_themes` VALUES (1,'subSilver','subSilver','subSilver.css','','E5E5E5','000000','006699','5493B4','','DD6900','EFEFEF','DEE3E7','D1D7DC','','','','98AAB1','006699','FFFFFF','cellpic1.gif','cellpic3.gif','cellpic2.jpg','FAFAFA','FFFFFF','','row1','row2','','Verdana, Arial, Helvetica, sans-serif','Trebuchet MS','Courier, \'Courier New\', sans-serif',10,11,12,'444444','006600','FFA34F','','','',NULL,NULL);
/*!40000 ALTER TABLE `phpbb_themes` ENABLE KEYS */;
UNLOCK TABLES;

--
-- Table structure for table `phpbb_themes_name`
--

DROP TABLE IF EXISTS `phpbb_themes_name`;
/*!40101 SET @saved_cs_client     = @@character_set_client */;
/*!40101 SET character_set_client = utf8 */;
CREATE TABLE `phpbb_themes_name` (
  `themes_id` smallint(5) unsigned NOT NULL DEFAULT '0',
  `tr_color1_name` char(50) COLLATE utf8mb4_unicode_ci DEFAULT NULL,
  `tr_color2_name` char(50) COLLATE utf8mb4_unicode_ci DEFAULT NULL,
  `tr_color3_name` char(50) COLLATE utf8mb4_unicode_ci DEFAULT NULL,
  `tr_class1_name` char(50) COLLATE utf8mb4_unicode_ci DEFAULT NULL,
  `tr_class2_name` char(50) COLLATE utf8mb4_unicode_ci DEFAULT NULL,
  `tr_class3_name` char(50) COLLATE utf8mb4_unicode_ci DEFAULT NULL,
  `th_color1_name` char(50) COLLATE utf8mb4_unicode_ci DEFAULT NULL,
  `th_color2_name` char(50) COLLATE utf8mb4_unicode_ci DEFAULT NULL,
  `th_color3_name` char(50) COLLATE utf8mb4_unicode_ci DEFAULT NULL,
  `th_class1_name` char(50) COLLATE utf8mb4_unicode_ci DEFAULT NULL,
  `th_class2_name` char(50) COLLATE utf8mb4_unicode_ci DEFAULT NULL,
  `th_class3_name` char(50) COLLATE utf8mb4_unicode_ci DEFAULT NULL,
  `td_color1_name` char(50) COLLATE utf8mb4_unicode_ci DEFAULT NULL,
  `td_color2_name` char(50) COLLATE utf8mb4_unicode_ci DEFAULT NULL,
  `td_color3_name` char(50) COLLATE utf8mb4_unicode_ci DEFAULT NULL,
  `td_class1_name` char(50) COLLATE utf8mb4_unicode_ci DEFAULT NULL,
  `td_class2_name` char(50) COLLATE utf8mb4_unicode_ci DEFAULT NULL,
  `td_class3_name` char(50) COLLATE utf8mb4_unicode_ci DEFAULT NULL,
  `fontface1_name` char(50) COLLATE utf8mb4_unicode_ci DEFAULT NULL,
  `fontface2_name` char(50) COLLATE utf8mb4_unicode_ci DEFAULT NULL,
  `fontface3_name` char(50) COLLATE utf8mb4_unicode_ci DEFAULT NULL,
  `fontsize1_name` char(50) COLLATE utf8mb4_unicode_ci DEFAULT NULL,
  `fontsize2_name` char(50) COLLATE utf8mb4_unicode_ci DEFAULT NULL,
  `fontsize3_name` char(50) COLLATE utf8mb4_unicode_ci DEFAULT NULL,
  `fontcolor1_name` char(50) COLLATE utf8mb4_unicode_ci DEFAULT NULL,
  `fontcolor2_name` char(50) COLLATE utf8mb4_unicode_ci DEFAULT NULL,
  `fontcolor3_name` char(50) COLLATE utf8mb4_unicode_ci DEFAULT NULL,
  `span_class1_name` char(50) COLLATE utf8mb4_unicode_ci DEFAULT NULL,
  `span_class2_name` char(50) COLLATE utf8mb4_unicode_ci DEFAULT NULL,
  `span_class3_name` char(50) COLLATE utf8mb4_unicode_ci DEFAULT NULL,
  PRIMARY KEY (`themes_id`)
) ENGINE=InnoDB DEFAULT CHARSET=utf8mb4 COLLATE=utf8mb4_unicode_ci;
/*!40101 SET character_set_client = @saved_cs_client */;

--
-- Dumping data for table `phpbb_themes_name`
--

LOCK TABLES `phpbb_themes_name` WRITE;
/*!40000 ALTER TABLE `phpbb_themes_name` DISABLE KEYS */;
INSERT INTO `phpbb_themes_name` VALUES (1,'The lightest row colour','The medium row color','The darkest row colour','','','','Border round the whole page','Outer table border','Inner table border','Silver gradient picture','Blue gradient picture','Fade-out gradient on index','Background for quote boxes','All white areas','','Background for topic posts','2nd background for topic posts','','Main fonts','Additional topic title font','Form fonts','Smallest font size','Medium font size','Normal font size (post body etc)','Quote & copyright text','Code text colour','Main table header text colour','','','');
/*!40000 ALTER TABLE `phpbb_themes_name` ENABLE KEYS */;
UNLOCK TABLES;

--
-- Table structure for table `phpbb_topics`
--

DROP TABLE IF EXISTS `phpbb_topics`;
/*!40101 SET @saved_cs_client     = @@character_set_client */;
/*!40101 SET character_set_client = utf8 */;
CREATE TABLE `phpbb_topics` (
  `topic_id` mediumint(8) unsigned NOT NULL AUTO_INCREMENT,
  `forum_id` smallint(8) unsigned NOT NULL DEFAULT '0',
  `topic_title` char(60) COLLATE utf8mb4_unicode_ci NOT NULL,
  `topic_poster` mediumint(8) NOT NULL DEFAULT '0',
  `topic_time` int(11) NOT NULL DEFAULT '0',
  `topic_views` mediumint(8) unsigned NOT NULL DEFAULT '0',
  `topic_replies` mediumint(8) unsigned NOT NULL DEFAULT '0',
  `topic_status` tinyint(3) NOT NULL DEFAULT '0',
  `topic_vote` tinyint(1) NOT NULL DEFAULT '0',
  `topic_type` tinyint(3) NOT NULL DEFAULT '0',
  `topic_first_post_id` mediumint(8) unsigned NOT NULL DEFAULT '0',
  `topic_last_post_id` mediumint(8) unsigned NOT NULL DEFAULT '0',
  `topic_moved_id` mediumint(8) unsigned NOT NULL DEFAULT '0',
  PRIMARY KEY (`topic_id`),
  KEY `forum_id` (`forum_id`),
  KEY `topic_moved_id` (`topic_moved_id`),
  KEY `topic_status` (`topic_status`),
  KEY `topic_type` (`topic_type`)
) ENGINE=InnoDB AUTO_INCREMENT=3 DEFAULT CHARSET=utf8mb4 COLLATE=utf8mb4_unicode_ci;
/*!40101 SET character_set_client = @saved_cs_client */;

--
-- Dumping data for table `phpbb_topics`
--

LOCK TABLES `phpbb_topics` WRITE;
/*!40000 ALTER TABLE `phpbb_topics` DISABLE KEYS */;
INSERT INTO `phpbb_topics` VALUES (1,1,'Welcome to phpBB 2',2,972086460,2,0,0,0,0,1,1,0),(2,1,'My test topic',2,1617558557,2,1,0,0,0,2,3,0);
/*!40000 ALTER TABLE `phpbb_topics` ENABLE KEYS */;
UNLOCK TABLES;

--
-- Table structure for table `phpbb_topics_watch`
--

DROP TABLE IF EXISTS `phpbb_topics_watch`;
/*!40101 SET @saved_cs_client     = @@character_set_client */;
/*!40101 SET character_set_client = utf8 */;
CREATE TABLE `phpbb_topics_watch` (
  `topic_id` mediumint(8) unsigned NOT NULL DEFAULT '0',
  `user_id` mediumint(8) NOT NULL DEFAULT '0',
  `notify_status` tinyint(1) NOT NULL DEFAULT '0',
  KEY `topic_id` (`topic_id`),
  KEY `user_id` (`user_id`),
  KEY `notify_status` (`notify_status`)
) ENGINE=InnoDB DEFAULT CHARSET=utf8mb4 COLLATE=utf8mb4_unicode_ci;
/*!40101 SET character_set_client = @saved_cs_client */;

--
-- Dumping data for table `phpbb_topics_watch`
--

LOCK TABLES `phpbb_topics_watch` WRITE;
/*!40000 ALTER TABLE `phpbb_topics_watch` DISABLE KEYS */;
/*!40000 ALTER TABLE `phpbb_topics_watch` ENABLE KEYS */;
UNLOCK TABLES;

--
-- Table structure for table `phpbb_user_group`
--

DROP TABLE IF EXISTS `phpbb_user_group`;
/*!40101 SET @saved_cs_client     = @@character_set_client */;
/*!40101 SET character_set_client = utf8 */;
CREATE TABLE `phpbb_user_group` (
  `group_id` mediumint(8) NOT NULL DEFAULT '0',
  `user_id` mediumint(8) NOT NULL DEFAULT '0',
  `user_pending` tinyint(1) DEFAULT NULL,
  KEY `group_id` (`group_id`),
  KEY `user_id` (`user_id`)
) ENGINE=InnoDB DEFAULT CHARSET=utf8mb4 COLLATE=utf8mb4_unicode_ci;
/*!40101 SET character_set_client = @saved_cs_client */;

--
-- Dumping data for table `phpbb_user_group`
--

LOCK TABLES `phpbb_user_group` WRITE;
/*!40000 ALTER TABLE `phpbb_user_group` DISABLE KEYS */;
INSERT INTO `phpbb_user_group` VALUES (1,-1,0),(2,2,0);
/*!40000 ALTER TABLE `phpbb_user_group` ENABLE KEYS */;
UNLOCK TABLES;

--
-- Table structure for table `phpbb_users`
--

DROP TABLE IF EXISTS `phpbb_users`;
/*!40101 SET @saved_cs_client     = @@character_set_client */;
/*!40101 SET character_set_client = utf8 */;
CREATE TABLE `phpbb_users` (
  `user_id` mediumint(8) NOT NULL,
  `user_active` tinyint(1) DEFAULT '1',
  `username` varchar(25) COLLATE utf8mb4_unicode_ci NOT NULL,
  `user_password` varchar(32) COLLATE utf8mb4_unicode_ci NOT NULL,
  `user_session_time` int(11) NOT NULL DEFAULT '0',
  `user_session_page` smallint(5) NOT NULL DEFAULT '0',
  `user_lastvisit` int(11) NOT NULL DEFAULT '0',
  `user_regdate` int(11) NOT NULL DEFAULT '0',
  `user_level` tinyint(4) DEFAULT '0',
  `user_posts` mediumint(8) unsigned NOT NULL DEFAULT '0',
  `user_timezone` decimal(5,2) NOT NULL DEFAULT '0.00',
  `user_style` tinyint(4) DEFAULT NULL,
  `user_lang` varchar(255) COLLATE utf8mb4_unicode_ci DEFAULT NULL,
  `user_dateformat` varchar(14) COLLATE utf8mb4_unicode_ci NOT NULL DEFAULT 'd M Y H:i',
  `user_new_privmsg` smallint(5) unsigned NOT NULL DEFAULT '0',
  `user_unread_privmsg` smallint(5) unsigned NOT NULL DEFAULT '0',
  `user_last_privmsg` int(11) NOT NULL DEFAULT '0',
  `user_login_tries` smallint(5) unsigned NOT NULL DEFAULT '0',
  `user_last_login_try` int(11) NOT NULL DEFAULT '0',
  `user_emailtime` int(11) DEFAULT NULL,
  `user_viewemail` tinyint(1) DEFAULT NULL,
  `user_attachsig` tinyint(1) DEFAULT NULL,
  `user_allowhtml` tinyint(1) DEFAULT '1',
  `user_allowbbcode` tinyint(1) DEFAULT '1',
  `user_allowsmile` tinyint(1) DEFAULT '1',
  `user_allowavatar` tinyint(1) NOT NULL DEFAULT '1',
  `user_allow_pm` tinyint(1) NOT NULL DEFAULT '1',
  `user_allow_viewonline` tinyint(1) NOT NULL DEFAULT '1',
  `user_notify` tinyint(1) NOT NULL DEFAULT '1',
  `user_notify_pm` tinyint(1) NOT NULL DEFAULT '0',
  `user_popup_pm` tinyint(1) NOT NULL DEFAULT '0',
  `user_rank` int(11) DEFAULT '0',
  `user_avatar` varchar(100) COLLATE utf8mb4_unicode_ci DEFAULT NULL,
  `user_avatar_type` tinyint(4) NOT NULL DEFAULT '0',
  `user_email` varchar(255) COLLATE utf8mb4_unicode_ci DEFAULT NULL,
  `user_icq` varchar(15) COLLATE utf8mb4_unicode_ci DEFAULT NULL,
  `user_website` varchar(100) COLLATE utf8mb4_unicode_ci DEFAULT NULL,
  `user_from` varchar(100) COLLATE utf8mb4_unicode_ci DEFAULT NULL,
  `user_sig` text COLLATE utf8mb4_unicode_ci,
  `user_sig_bbcode_uid` char(10) COLLATE utf8mb4_unicode_ci DEFAULT NULL,
  `user_aim` varchar(255) COLLATE utf8mb4_unicode_ci DEFAULT NULL,
  `user_yim` varchar(255) COLLATE utf8mb4_unicode_ci DEFAULT NULL,
  `user_msnm` varchar(255) COLLATE utf8mb4_unicode_ci DEFAULT NULL,
  `user_occ` varchar(100) COLLATE utf8mb4_unicode_ci DEFAULT NULL,
  `user_interests` varchar(255) COLLATE utf8mb4_unicode_ci DEFAULT NULL,
  `user_actkey` varchar(32) COLLATE utf8mb4_unicode_ci DEFAULT NULL,
  `user_newpasswd` varchar(32) COLLATE utf8mb4_unicode_ci DEFAULT NULL,
  PRIMARY KEY (`user_id`),
  KEY `user_session_time` (`user_session_time`)
) ENGINE=InnoDB DEFAULT CHARSET=utf8mb4 COLLATE=utf8mb4_unicode_ci;
/*!40101 SET character_set_client = @saved_cs_client */;

--
-- Dumping data for table `phpbb_users`
--

LOCK TABLES `phpbb_users` WRITE;
/*!40000 ALTER TABLE `phpbb_users` DISABLE KEYS */;
INSERT INTO `phpbb_users` VALUES (-1,0,'Anonymous','',0,0,0,1617558329,0,0,0.00,NULL,'','',0,0,0,0,0,NULL,0,0,1,1,1,1,0,1,0,1,0,NULL,'',0,'','','','','',NULL,'','','','','','',''),(2,1,'admin','21232f297a57a5a743894a0e4a801fc3',1617558524,0,1617558462,1617558329,1,3,0.00,1,'english','d M Y h:i a',0,0,1617558462,0,0,NULL,1,0,0,1,1,1,1,1,0,1,1,1,'',0,'admin@example.com','','','','',NULL,'','','','','','','');
/*!40000 ALTER TABLE `phpbb_users` ENABLE KEYS */;
UNLOCK TABLES;

--
-- Table structure for table `phpbb_vote_desc`
--

DROP TABLE IF EXISTS `phpbb_vote_desc`;
/*!40101 SET @saved_cs_client     = @@character_set_client */;
/*!40101 SET character_set_client = utf8 */;
CREATE TABLE `phpbb_vote_desc` (
  `vote_id` mediumint(8) unsigned NOT NULL AUTO_INCREMENT,
  `topic_id` mediumint(8) unsigned NOT NULL DEFAULT '0',
  `vote_text` text COLLATE utf8mb4_unicode_ci NOT NULL,
  `vote_start` int(11) NOT NULL DEFAULT '0',
  `vote_length` int(11) NOT NULL DEFAULT '0',
  PRIMARY KEY (`vote_id`),
  KEY `topic_id` (`topic_id`)
) ENGINE=InnoDB DEFAULT CHARSET=utf8mb4 COLLATE=utf8mb4_unicode_ci;
/*!40101 SET character_set_client = @saved_cs_client */;

--
-- Dumping data for table `phpbb_vote_desc`
--

LOCK TABLES `phpbb_vote_desc` WRITE;
/*!40000 ALTER TABLE `phpbb_vote_desc` DISABLE KEYS */;
/*!40000 ALTER TABLE `phpbb_vote_desc` ENABLE KEYS */;
UNLOCK TABLES;

--
-- Table structure for table `phpbb_vote_results`
--

DROP TABLE IF EXISTS `phpbb_vote_results`;
/*!40101 SET @saved_cs_client     = @@character_set_client */;
/*!40101 SET character_set_client = utf8 */;
CREATE TABLE `phpbb_vote_results` (
  `vote_id` mediumint(8) unsigned NOT NULL DEFAULT '0',
  `vote_option_id` tinyint(4) unsigned NOT NULL DEFAULT '0',
  `vote_option_text` varchar(255) COLLATE utf8mb4_unicode_ci NOT NULL,
  `vote_result` int(11) NOT NULL DEFAULT '0',
  KEY `vote_option_id` (`vote_option_id`),
  KEY `vote_id` (`vote_id`)
) ENGINE=InnoDB DEFAULT CHARSET=utf8mb4 COLLATE=utf8mb4_unicode_ci;
/*!40101 SET character_set_client = @saved_cs_client */;

--
-- Dumping data for table `phpbb_vote_results`
--

LOCK TABLES `phpbb_vote_results` WRITE;
/*!40000 ALTER TABLE `phpbb_vote_results` DISABLE KEYS */;
/*!40000 ALTER TABLE `phpbb_vote_results` ENABLE KEYS */;
UNLOCK TABLES;

--
-- Table structure for table `phpbb_vote_voters`
--

DROP TABLE IF EXISTS `phpbb_vote_voters`;
/*!40101 SET @saved_cs_client     = @@character_set_client */;
/*!40101 SET character_set_client = utf8 */;
CREATE TABLE `phpbb_vote_voters` (
  `vote_id` mediumint(8) unsigned NOT NULL DEFAULT '0',
  `vote_user_id` mediumint(8) NOT NULL DEFAULT '0',
  `vote_user_ip` char(8) COLLATE utf8mb4_unicode_ci NOT NULL,
  KEY `vote_id` (`vote_id`),
  KEY `vote_user_id` (`vote_user_id`),
  KEY `vote_user_ip` (`vote_user_ip`)
) ENGINE=InnoDB DEFAULT CHARSET=utf8mb4 COLLATE=utf8mb4_unicode_ci;
/*!40101 SET character_set_client = @saved_cs_client */;

--
-- Dumping data for table `phpbb_vote_voters`
--

LOCK TABLES `phpbb_vote_voters` WRITE;
/*!40000 ALTER TABLE `phpbb_vote_voters` DISABLE KEYS */;
/*!40000 ALTER TABLE `phpbb_vote_voters` ENABLE KEYS */;
UNLOCK TABLES;

--
-- Table structure for table `phpbb_words`
--

DROP TABLE IF EXISTS `phpbb_words`;
/*!40101 SET @saved_cs_client     = @@character_set_client */;
/*!40101 SET character_set_client = utf8 */;
CREATE TABLE `phpbb_words` (
  `word_id` mediumint(8) unsigned NOT NULL AUTO_INCREMENT,
  `word` char(100) COLLATE utf8mb4_unicode_ci NOT NULL,
  `replacement` char(100) COLLATE utf8mb4_unicode_ci NOT NULL,
  PRIMARY KEY (`word_id`)
) ENGINE=InnoDB DEFAULT CHARSET=utf8mb4 COLLATE=utf8mb4_unicode_ci;
/*!40101 SET character_set_client = @saved_cs_client */;

--
-- Dumping data for table `phpbb_words`
--

LOCK TABLES `phpbb_words` WRITE;
/*!40000 ALTER TABLE `phpbb_words` DISABLE KEYS */;
/*!40000 ALTER TABLE `phpbb_words` ENABLE KEYS */;
UNLOCK TABLES;
/*!40103 SET TIME_ZONE=@OLD_TIME_ZONE */;

/*!40101 SET SQL_MODE=@OLD_SQL_MODE */;
/*!40014 SET FOREIGN_KEY_CHECKS=@OLD_FOREIGN_KEY_CHECKS */;
/*!40014 SET UNIQUE_CHECKS=@OLD_UNIQUE_CHECKS */;
/*!40101 SET CHARACTER_SET_CLIENT=@OLD_CHARACTER_SET_CLIENT */;
/*!40101 SET CHARACTER_SET_RESULTS=@OLD_CHARACTER_SET_RESULTS */;
/*!40101 SET COLLATION_CONNECTION=@OLD_COLLATION_CONNECTION */;
/*!40111 SET SQL_NOTES=@OLD_SQL_NOTES */;

-- Dump completed on 2021-04-04 17:50:13
